{"timestamps": [1470853025.96692], "initial_reset_timestamp": 1470853025.344526, "episode_lengths": [0], "episode_rewards": [0]}